{
	"info": {
		"_postman_id": "16692b62-491b-426c-9c01-2940913f5ab7",
		"name": "User",
		"schema": "https://schema.getpostman.com/json/collection/v2.1.0/collection.json",
		"_exporter_id": "31025807"
	},
	"item": [
		{
			"name": "GetUser",
			"request": {
				"method": "GET",
				"header": []
			},
			"response": []
		},
		{
			"name": "UserDelete",
			"request": {
				"method": "POST",
				"header": [
					{
						"key": "Content-Type",
						"value": "application/json",
						"type": "text"
					}
				],
				"body": {
					"mode": "raw",
					"raw": "{\r\n    \"id\": 0,\r\n    \"name\": \"string\",\r\n    \"emailId\": \"string\",\r\n    \"password\": \"string\",\r\n    \"mobileNo\": \"string\",\r\n    \"gender\": \"string\",\r\n    \"address\": \"string\",\r\n    \"active\": 0,\r\n    \"isDeleted\": 0\r\n}",
					"options": {
						"raw": {
							"language": "json"
						}
					}
				},
				"url": {
					"raw": "{{BaseU}}/api/User",
					"host": [
						"{{BaseU}}"
					],
					"path": [
						"api",
						"User"
					]
				}
			},
			"response": []
		},
		{
			"name": "GetUserByID",
			"request": {
				"method": "GET",
				"header": []
			},
			"response": []
		},
		{
			"name": "New Request",
			"request": {
				"method": "PUT",
				"header": []
			},
			"response": []
		},
		{
			"name": "New Request",
			"request": {
				"method": "DELETE",
				"header": [],
				"url": {
					"raw": "{{BaseU}}/api/User",
					"host": [
						"{{BaseU}}"
					],
					"path": [
						"api",
						"User"
					]
				}
			},
			"response": []
		}
	]
}